organizationID,tenantID,contactID,sessionID,operatorID,sessionChannel,pluginConnectionID,sessionTags,sessionLastTag,sessionActive,sessionKind,sessionInitiator,sessionType,sessionStatus,sessionMeta,sessionLastMessageID,sessionRatingStars,sessionRatingAt,queuedAt,manualAt,closedAt,closeMotive,createdAt,updatedAt,__sessionMessagesCount,__sessionMostActiveOperatorID,__sessionDuration,__sessionQueueDuration,__sessionManualDuration,operatorFirstname
936040b5-880d-404d-b7b1-18dca99fc12e,6d388bff-df57-4c30-a1f5-a50bf54e01eb,8a50a65f-8175-42ff-a118-897219c797fd,caa0d6c2-28b9-4bf3-9cef-540bc0f2df63,,urn:talqui:whatsapp-internal:0,99f45f61-68bf-4aa6-8f91-fda4bbb291e5,,,False,transactional,contact,auto,1,,99302217-2098-474e-8c4d-9613872685f6,0.0,,2025-06-04 14:23:07.445000+00:00,2025-06-04 18:46:39.678000+00:00,2025-06-04 18:46:48.011000+00:00,OTHER-SUBJECTS,2025-06-04 13:24:25.750000+00:00,2025-06-04 18:46:49.903000+00:00,12,6e53fcf6-4d70-4f38-8c01-b7fee51ce828,19342,15820.0,8,Rommel
936040b5-880d-404d-b7b1-18dca99fc12e,6d388bff-df57-4c30-a1f5-a50bf54e01eb,9e95f9f4-a940-4ed9-91e3-ef9277b4c7b0,a8440de8-da96-4266-8375-b0a7175a5aeb,,urn:talqui:whatsapp-internal:0,99f45f61-68bf-4aa6-8f91-fda4bbb291e5,,,False,transactional,contact,auto,1,,749de45f-5f03-43f0-a81a-da0bed73adc9,0.0,,2025-06-04 14:35:36.322000+00:00,2025-06-04 18:46:53.102000+00:00,2025-06-04 18:46:58.912000+00:00,OTHER-SUBJECTS,2025-06-04 14:35:36.295000+00:00,2025-06-04 18:46:58.912000+00:00,6,6e53fcf6-4d70-4f38-8c01-b7fee51ce828,15082,15082.0,5,Rommel
936040b5-880d-404d-b7b1-18dca99fc12e,6d388bff-df57-4c30-a1f5-a50bf54e01eb,2304b1f5-0ad4-4e68-a4eb-55d45778aa92,1c8eaa9f-b8d6-42cf-aa9f-7b1a42037e8c,,urn:talqui:whatsapp-internal:0,edc0afe4-d401-477f-aa03-7ba74075a038,,,False,transactional,contact,auto,1,,39825cf6-9288-4a9f-a8b8-f2114ad583e8,0.0,,2025-06-04 15:44:00.029000+00:00,2025-06-04 18:47:40.856000+00:00,2025-06-04 18:48:29.231000+00:00,OTHER-SUBJECTS,2025-06-04 15:01:05.959000+00:00,2025-06-04 18:48:31.698000+00:00,9,6e53fcf6-4d70-4f38-8c01-b7fee51ce828,13643,11069.0,48,Rommel
936040b5-880d-404d-b7b1-18dca99fc12e,6d388bff-df57-4c30-a1f5-a50bf54e01eb,dc044007-c927-4638-9465-3bdf6c9754f5,0dcb9926-b017-479f-b1ec-5f79eca79390,,urn:talqui:whatsapp-internal:0,99f45f61-68bf-4aa6-8f91-fda4bbb291e5,,,False,transactional,contact,auto,1,,1a94ba54-8fc5-4e58-aaf5-f615cd2a7f30,0.0,,2025-06-04 15:29:08.944000+00:00,2025-06-04 18:47:22.396000+00:00,2025-06-04 18:47:29.851000+00:00,OTHER-SUBJECTS,2025-06-04 15:04:20.954000+00:00,2025-06-04 18:47:32.240000+00:00,15,6e53fcf6-4d70-4f38-8c01-b7fee51ce828,13388,11900.0,7,Rommel
936040b5-880d-404d-b7b1-18dca99fc12e,6d388bff-df57-4c30-a1f5-a50bf54e01eb,e986f0de-5a85-44ef-92af-3ff59ee5b15e,c2de4eb0-0041-43cf-a1ff-d398490b7b83,,urn:talqui:whatsapp-internal:0,99f45f61-68bf-4aa6-8f91-fda4bbb291e5,,,False,transactional,contact,auto,1,,111e7b2e-6e74-4e92-b6a9-c4b9dc1e8b7a,0.0,,2025-06-04 15:28:10.002000+00:00,2025-06-04 18:47:12.256000+00:00,2025-06-04 18:47:17.491000+00:00,OTHER-SUBJECTS,2025-06-04 15:08:36.147000+00:00,2025-06-04 18:47:19.221000+00:00,12,6e53fcf6-4d70-4f38-8c01-b7fee51ce828,13121,11947.0,5,Rommel
936040b5-880d-404d-b7b1-18dca99fc12e,6d388bff-df57-4c30-a1f5-a50bf54e01eb,4aacd554-b39f-4220-9658-760a33f7bdb8,c4f7614c-2d26-4fbf-ab1d-740838727b3d,,urn:talqui:whatsapp-internal:0,edc0afe4-d401-477f-aa03-7ba74075a038,,,False,transactional,contact,auto,1,,1da5c6be-9ecc-4200-a0e6-e81b71bdbb30,0.0,,2025-06-04 15:19:20.867000+00:00,2025-06-04 18:47:03.655000+00:00,2025-06-04 18:47:08.872000+00:00,OTHER-SUBJECTS,2025-06-04 15:14:27.616000+00:00,2025-06-04 18:47:10.288000+00:00,8,6e53fcf6-4d70-4f38-8c01-b7fee51ce828,12761,12468.0,5,Rommel
936040b5-880d-404d-b7b1-18dca99fc12e,6d388bff-df57-4c30-a1f5-a50bf54e01eb,cc8db191-5ebf-43a7-9a9c-d7a06666a796,0a5b8461-a6ee-4b8e-9edd-9dfdeeea23af,,urn:talqui:whatsapp-internal:0,edc0afe4-d401-477f-aa03-7ba74075a038,,,False,transactional,contact,auto,1,,985afe17-6de4-4739-a725-f2436ee7657e,0.0,,2025-06-04 16:31:08.908000+00:00,2025-06-04 18:48:32.978000+00:00,2025-06-04 18:48:35.913000+00:00,OTHER-SUBJECTS,2025-06-04 16:30:02.750000+00:00,2025-06-04 18:48:36.926000+00:00,10,6e53fcf6-4d70-4f38-8c01-b7fee51ce828,8313,8247.0,2,Rommel
936040b5-880d-404d-b7b1-18dca99fc12e,6d388bff-df57-4c30-a1f5-a50bf54e01eb,03f0232f-a4d2-4d69-a11a-df3cbee319c8,9b16f932-5396-4f18-aee8-ca61e6d90022,,urn:talqui:whatsapp-internal:0,edc0afe4-d401-477f-aa03-7ba74075a038,,,False,transactional,contact,auto,1,,ca9aebbd-0aec-4be9-85ab-2a223b36edbd,0.0,,,2025-06-04 20:12:24.963000+00:00,2025-06-04 20:13:10.045000+00:00,OTHER-SUBJECTS,2025-06-04 17:33:15.398000+00:00,2025-06-04 20:13:10.045000+00:00,4,1d86950e-7c29-4d60-8427-aa805f5f3b33,9594,,45,Henrique
936040b5-880d-404d-b7b1-18dca99fc12e,6d388bff-df57-4c30-a1f5-a50bf54e01eb,16d2c361-2176-41d6-9919-7e0acae18ffe,aec2e57c-1663-4f84-8d4e-b5a92c2a0dde,,urn:talqui:whatsapp-internal:0,edc0afe4-d401-477f-aa03-7ba74075a038,,,False,transactional,contact,auto,1,,47dc704f-61f8-40a0-b130-b3e5f9ee2a89,0.0,,2025-06-04 18:03:12.197000+00:00,2025-06-04 18:48:40.099000+00:00,2025-06-04 18:48:44.751000+00:00,OTHER-SUBJECTS,2025-06-04 17:47:39.744000+00:00,2025-06-04 18:48:47.435000+00:00,6,6e53fcf6-4d70-4f38-8c01-b7fee51ce828,3665,2732.0,4,Rommel
936040b5-880d-404d-b7b1-18dca99fc12e,6d388bff-df57-4c30-a1f5-a50bf54e01eb,42dcec8f-b603-454c-87ec-d65fa0f2e8a3,d06e0935-2900-41e2-a9b5-43a4c1b9590d,,urn:talqui:whatsapp-internal:0,99f45f61-68bf-4aa6-8f91-fda4bbb291e5,,,False,transactional,contact,auto,1,,b9fe39d1-ee1d-4f11-8937-594d3f3e1adf,0.0,,,2025-06-04 18:58:56.055000+00:00,2025-06-04 19:12:55.240000+00:00,OTHER-SUBJECTS,2025-06-04 18:57:41.887000+00:00,2025-06-04 19:12:57.852000+00:00,9,6e53fcf6-4d70-4f38-8c01-b7fee51ce828,913,,839,Rommel
936040b5-880d-404d-b7b1-18dca99fc12e,6d388bff-df57-4c30-a1f5-a50bf54e01eb,2304b1f5-0ad4-4e68-a4eb-55d45778aa92,1ba9e720-2447-4b2b-b546-6a3154d43eac,,urn:talqui:whatsapp-internal:0,edc0afe4-d401-477f-aa03-7ba74075a038,,,False,transactional,contact,auto,1,,cfb733b2-e3cd-4b8f-8086-e30d84776eeb,0.0,,,2025-06-04 20:09:57.479000+00:00,2025-06-04 20:10:05.898000+00:00,OTHER-SUBJECTS,2025-06-04 19:19:37.911000+00:00,2025-06-04 20:10:05.899000+00:00,3,1d86950e-7c29-4d60-8427-aa805f5f3b33,3027,,8,Henrique
936040b5-880d-404d-b7b1-18dca99fc12e,6d388bff-df57-4c30-a1f5-a50bf54e01eb,929798e7-4c4a-4f29-bbc8-f6c9ca4c906f,2d04875d-2879-4283-84c4-ebfab5b9be13,,urn:talqui:whatsapp-internal:0,99f45f61-68bf-4aa6-8f91-fda4bbb291e5,,,False,transactional,contact,auto,1,,6ba94af8-a740-49c5-9258-ebbc950bfba1,0.0,,2025-06-04 20:17:58.852000+00:00,2025-06-04 20:22:30.828000+00:00,2025-06-04 20:25:32.935000+00:00,OTHER-SUBJECTS,2025-06-04 20:16:21.265000+00:00,2025-06-04 20:25:35.492000+00:00,8,1d86950e-7c29-4d60-8427-aa805f5f3b33,551,454.0,182,Henrique
936040b5-880d-404d-b7b1-18dca99fc12e,6d388bff-df57-4c30-a1f5-a50bf54e01eb,929798e7-4c4a-4f29-bbc8-f6c9ca4c906f,1a55d117-3d63-4008-9fa9-5ef38984e58a,,urn:talqui:whatsapp-internal:0,99f45f61-68bf-4aa6-8f91-fda4bbb291e5,,,False,transactional,contact,auto,1,,06b114d9-3740-4395-94b3-c4241aa412e9,0.0,,,2025-06-04 20:39:57.143000+00:00,2025-06-04 20:40:06.686000+00:00,OTHER-SUBJECTS,2025-06-04 20:39:36.445000+00:00,2025-06-04 20:40:06.706000+00:00,5,1d86950e-7c29-4d60-8427-aa805f5f3b33,30,,9,Henrique
936040b5-880d-404d-b7b1-18dca99fc12e,6d388bff-df57-4c30-a1f5-a50bf54e01eb,8a50a65f-8175-42ff-a118-897219c797fd,e719f234-f1d0-4400-8c73-1a78778f806c,,urn:talqui:whatsapp-internal:0,99f45f61-68bf-4aa6-8f91-fda4bbb291e5,,,False,transactional,contact,auto,1,,70b1a529-bd77-4f02-8c45-608865b039bb,0.0,,,2025-06-04 20:59:00.738000+00:00,2025-06-04 20:59:07.360000+00:00,OTHER-SUBJECTS,2025-06-04 20:50:42.586000+00:00,2025-06-04 20:59:07.361000+00:00,3,1d86950e-7c29-4d60-8427-aa805f5f3b33,504,,6,Henrique
936040b5-880d-404d-b7b1-18dca99fc12e,6d388bff-df57-4c30-a1f5-a50bf54e01eb,9e490137-41c6-4b9d-9a81-8e17f0546b6d,2fbaf74a-cf9b-4b55-9a33-5ee49c179381,,urn:talqui:whatsapp-internal:0,99f45f61-68bf-4aa6-8f91-fda4bbb291e5,,,False,transactional,contact,auto,1,,455c8c7f-f566-4f7c-ad2c-c042ddadc818,0.0,,2025-06-04 21:25:15.821000+00:00,2025-06-04 21:26:05.863000+00:00,2025-06-04 21:26:12.550000+00:00,OTHER-SUBJECTS,2025-06-04 21:12:28.916000+00:00,2025-06-04 21:26:14.972000+00:00,9,1d86950e-7c29-4d60-8427-aa805f5f3b33,823,56.0,6,Henrique
936040b5-880d-404d-b7b1-18dca99fc12e,6d388bff-df57-4c30-a1f5-a50bf54e01eb,63ab543a-f306-41d4-9706-0608f8fe5236,a9790199-6963-43e1-89b6-4e9fbc242fad,,urn:talqui:whatsapp-internal:0,99f45f61-68bf-4aa6-8f91-fda4bbb291e5,,,False,transactional,contact,auto,1,,50b1a52d-ed41-47fd-bb82-e33753f7d756,0.0,,2025-06-05 10:54:23.563000+00:00,2025-06-05 13:07:17.505000+00:00,2025-06-05 13:07:21.801000+00:00,OTHER-SUBJECTS,2025-06-05 10:54:16.659000+00:00,2025-06-05 13:07:23.667000+00:00,9,6e53fcf6-4d70-4f38-8c01-b7fee51ce828,7985,7978.0,4,Rommel
936040b5-880d-404d-b7b1-18dca99fc12e,6d388bff-df57-4c30-a1f5-a50bf54e01eb,744134e0-79bf-46d0-9b44-65360117cb2c,525a05f6-60a2-4263-8415-b25e33db566b,,urn:talqui:whatsapp-internal:0,99f45f61-68bf-4aa6-8f91-fda4bbb291e5,,,False,transactional,contact,auto,1,,784e3474-7299-4039-b4a5-d09c491dde44,0.0,,2025-06-05 12:41:12.137000+00:00,2025-06-05 13:07:26.702000+00:00,2025-06-05 13:07:29.799000+00:00,OTHER-SUBJECTS,2025-06-05 11:07:46.289000+00:00,2025-06-05 13:07:31.848000+00:00,10,6e53fcf6-4d70-4f38-8c01-b7fee51ce828,7183,1577.0,3,Rommel
936040b5-880d-404d-b7b1-18dca99fc12e,6d388bff-df57-4c30-a1f5-a50bf54e01eb,1109faed-839f-484c-a9d4-3d957a19d029,980fb864-08d1-4eeb-aacf-69b6de3a088b,,urn:talqui:whatsapp-internal:0,99f45f61-68bf-4aa6-8f91-fda4bbb291e5,,,False,transactional,contact,auto,1,,427ba29c-ea94-4439-8d83-876c68d5bf8b,0.0,,2025-06-05 12:29:12.469000+00:00,2025-06-05 13:03:46.287000+00:00,2025-06-05 13:03:50.009000+00:00,OTHER-SUBJECTS,2025-06-05 12:29:12.456000+00:00,2025-06-05 13:03:52.212000+00:00,7,6e53fcf6-4d70-4f38-8c01-b7fee51ce828,2077,2077.0,3,Rommel
936040b5-880d-404d-b7b1-18dca99fc12e,6d388bff-df57-4c30-a1f5-a50bf54e01eb,ce1e6930-d1c3-4bc3-8484-62b0316aa0ca,c41535dd-a19a-43ac-bd88-162a8f4614ab,,urn:talqui:whatsapp-internal:0,99f45f61-68bf-4aa6-8f91-fda4bbb291e5,,,False,transactional,contact,auto,1,,1baddb21-796f-4fe6-86a3-0325f4e1acbb,0.0,,2025-06-05 12:36:55.297000+00:00,2025-06-05 12:38:19.334000+00:00,2025-06-05 12:38:23.614000+00:00,OTHER-SUBJECTS,2025-06-05 12:36:55.217000+00:00,2025-06-05 12:38:23.614000+00:00,5,6e53fcf6-4d70-4f38-8c01-b7fee51ce828,88,88.0,4,Rommel
936040b5-880d-404d-b7b1-18dca99fc12e,6d388bff-df57-4c30-a1f5-a50bf54e01eb,744134e0-79bf-46d0-9b44-65360117cb2c,f66454a6-e1aa-4267-b84f-abc9c8e8f1ba,,urn:talqui:whatsapp-internal:0,99f45f61-68bf-4aa6-8f91-fda4bbb291e5,,,False,transactional,contact,auto,1,,100ada52-6cc0-4cd8-92f1-cbe450929a0d,0.0,,,2025-06-05 13:23:54.968000+00:00,2025-06-05 13:23:59.472000+00:00,OTHER-SUBJECTS,2025-06-05 13:17:13.941000+00:00,2025-06-05 13:23:59.472000+00:00,3,6e53fcf6-4d70-4f38-8c01-b7fee51ce828,405,,4,Rommel
936040b5-880d-404d-b7b1-18dca99fc12e,6d388bff-df57-4c30-a1f5-a50bf54e01eb,64278d52-a15f-4afb-a724-28d110adc8a1,27ec76f2-95bb-4e79-8326-05f3e51561fb,,urn:talqui:whatsapp-internal:0,99f45f61-68bf-4aa6-8f91-fda4bbb291e5,,,False,transactional,contact,auto,1,,a598d43c-0a18-4895-b446-20e89738c916,0.0,,,2025-06-05 13:54:16.768000+00:00,2025-06-05 13:55:35.010000+00:00,OTHER-SUBJECTS,2025-06-05 13:42:24.618000+00:00,2025-06-05 13:55:35.011000+00:00,6,1d86950e-7c29-4d60-8427-aa805f5f3b33,790,,78,Henrique
936040b5-880d-404d-b7b1-18dca99fc12e,6d388bff-df57-4c30-a1f5-a50bf54e01eb,aecaa95d-a23c-4a21-82a1-db17cd3dd484,fd8de6e3-705e-446b-a46c-80c0ea59e458,,urn:talqui:whatsapp-internal:0,cac67f3c-c021-4227-8dbc-f2e0f2bf9f8f,,,False,transactional,contact,auto,1,,640896b8-00d3-432e-a535-23e2059f6c09,0.0,,,2025-06-05 13:55:00.247000+00:00,2025-06-05 13:55:04.489000+00:00,OTHER-SUBJECTS,2025-06-05 13:52:53.046000+00:00,2025-06-05 13:55:04.490000+00:00,4,6e53fcf6-4d70-4f38-8c01-b7fee51ce828,131,,4,Rommel
936040b5-880d-404d-b7b1-18dca99fc12e,6d388bff-df57-4c30-a1f5-a50bf54e01eb,dadcae1d-9287-41a8-92a5-4afdfef50749,505ccf3a-89a1-4202-9d52-c9756c527588,,urn:talqui:whatsapp-internal:0,cac67f3c-c021-4227-8dbc-f2e0f2bf9f8f,,,False,transactional,contact,auto,1,,384fd26f-d8ef-44ff-b558-4d580c086e92,0.0,,2025-06-05 13:53:08.173000+00:00,2025-06-05 13:53:18.351000+00:00,2025-06-05 13:53:27.893000+00:00,OTHER-SUBJECTS,2025-06-05 13:53:08.093000+00:00,2025-06-05 13:53:27.928000+00:00,5,6e53fcf6-4d70-4f38-8c01-b7fee51ce828,19,19.0,9,Rommel
936040b5-880d-404d-b7b1-18dca99fc12e,6d388bff-df57-4c30-a1f5-a50bf54e01eb,aecaa95d-a23c-4a21-82a1-db17cd3dd484,8916c74a-59da-432c-bcf1-bd62b01ad27c,,urn:talqui:whatsapp-internal:0,cac67f3c-c021-4227-8dbc-f2e0f2bf9f8f,,,False,transactional,contact,auto,1,,71a86ed4-046d-4347-b471-255bcc02d9aa,0.0,,2025-06-05 13:55:49.478000+00:00,2025-06-05 13:58:28.961000+00:00,2025-06-05 13:58:32.653000+00:00,OTHER-SUBJECTS,2025-06-05 13:55:49.429000+00:00,2025-06-05 13:58:32.654000+00:00,5,6e53fcf6-4d70-4f38-8c01-b7fee51ce828,163,163.0,3,Rommel
936040b5-880d-404d-b7b1-18dca99fc12e,6d388bff-df57-4c30-a1f5-a50bf54e01eb,dadcae1d-9287-41a8-92a5-4afdfef50749,2e715fdb-2b3d-458f-abc7-8270b23f2408,,urn:talqui:whatsapp-internal:0,cac67f3c-c021-4227-8dbc-f2e0f2bf9f8f,,,False,transactional,contact,auto,1,,96467670-d72f-4255-923e-ed71412de980,0.0,,,2025-06-05 13:58:12.761000+00:00,2025-06-05 13:58:16.893000+00:00,OTHER-SUBJECTS,2025-06-05 13:56:12.829000+00:00,2025-06-05 13:58:16.894000+00:00,3,1d86950e-7c29-4d60-8427-aa805f5f3b33,124,,4,Henrique
936040b5-880d-404d-b7b1-18dca99fc12e,6d388bff-df57-4c30-a1f5-a50bf54e01eb,ef3cbc7a-f72a-4299-ada5-6603c6e54628,ba291fc7-5c7d-4cd9-9337-782a591f1542,,urn:talqui:whatsapp-internal:0,cac67f3c-c021-4227-8dbc-f2e0f2bf9f8f,,,False,transactional,contact,auto,1,,8a6263a8-fa99-4cc5-979c-0f46bccbfbf9,0.0,,2025-06-05 13:56:32.003000+00:00,2025-06-05 13:58:20.241000+00:00,2025-06-05 13:58:23.977000+00:00,OTHER-SUBJECTS,2025-06-05 13:56:31.957000+00:00,2025-06-05 13:58:23.978000+00:00,5,6e53fcf6-4d70-4f38-8c01-b7fee51ce828,112,111.0,3,Rommel
936040b5-880d-404d-b7b1-18dca99fc12e,6d388bff-df57-4c30-a1f5-a50bf54e01eb,e94aa81f-ce24-45ef-91ca-767b36561e35,1de0a6c8-5a95-4e27-a97b-a7196fe0f430,,urn:talqui:whatsapp-internal:0,cac67f3c-c021-4227-8dbc-f2e0f2bf9f8f,,,False,transactional,contact,auto,1,,de8dd271-7a31-4b10-8bdc-a210e6f77dbf,0.0,,,2025-06-05 13:58:21.005000+00:00,2025-06-05 13:58:25.395000+00:00,OTHER-SUBJECTS,2025-06-05 13:57:19.232000+00:00,2025-06-05 13:58:25.396000+00:00,3,1d86950e-7c29-4d60-8427-aa805f5f3b33,66,,4,Henrique
936040b5-880d-404d-b7b1-18dca99fc12e,6d388bff-df57-4c30-a1f5-a50bf54e01eb,64278d52-a15f-4afb-a724-28d110adc8a1,06bc012f-4c5b-4729-96ad-41f85aa6050c,,urn:talqui:whatsapp-internal:0,99f45f61-68bf-4aa6-8f91-fda4bbb291e5,lion-iii,lion-iii,False,transactional,contact,auto,1,,340e0dc5-fd93-4b20-a23f-6e45ed2d4366,0.0,,2025-06-05 14:04:58.411000+00:00,2025-06-05 14:05:10.626000+00:00,2025-06-05 14:05:15.063000+00:00,OTHER-SUBJECTS,2025-06-05 13:59:31.124000+00:00,2025-06-05 14:05:16.545000+00:00,9,6e53fcf6-4d70-4f38-8c01-b7fee51ce828,343,16.0,4,Rommel
936040b5-880d-404d-b7b1-18dca99fc12e,6d388bff-df57-4c30-a1f5-a50bf54e01eb,501b7c20-3912-4935-8f60-330a5867c4c3,1bc8c7fe-c51c-485a-b568-fe2391962673,,urn:talqui:whatsapp-internal:0,cac67f3c-c021-4227-8dbc-f2e0f2bf9f8f,,,False,transactional,contact,auto,1,,ad6fa356-d4c4-4b33-b73f-8a73381f010a,0.0,,2025-06-05 14:03:01.244000+00:00,2025-06-05 14:05:22.547000+00:00,2025-06-05 14:05:27.259000+00:00,OTHER-SUBJECTS,2025-06-05 14:01:25.806000+00:00,2025-06-05 14:05:28.600000+00:00,8,6e53fcf6-4d70-4f38-8c01-b7fee51ce828,241,146.0,4,Rommel
936040b5-880d-404d-b7b1-18dca99fc12e,6d388bff-df57-4c30-a1f5-a50bf54e01eb,f90f0b04-29aa-405a-ac57-450ed06f734d,bf77381f-d0fa-46d3-a31d-7688004ccbf7,,urn:talqui:whatsapp-internal:0,cac67f3c-c021-4227-8dbc-f2e0f2bf9f8f,,,False,transactional,contact,auto,1,,269cb3ce-55f9-4fce-a44c-fd5cd90248a6,0.0,,2025-06-05 14:17:39.280000+00:00,2025-06-05 14:45:24.212000+00:00,2025-06-05 14:45:27.749000+00:00,OTHER-SUBJECTS,2025-06-05 14:04:01.557000+00:00,2025-06-05 14:45:30.127000+00:00,20,1d86950e-7c29-4d60-8427-aa805f5f3b33,2486,1668.0,3,Henrique
936040b5-880d-404d-b7b1-18dca99fc12e,6d388bff-df57-4c30-a1f5-a50bf54e01eb,aecaa95d-a23c-4a21-82a1-db17cd3dd484,f576c31b-d704-430a-803b-aad897db32d9,,urn:talqui:whatsapp-internal:0,cac67f3c-c021-4227-8dbc-f2e0f2bf9f8f,,,False,transactional,contact,auto,1,,c23a8f0e-516b-48d7-9111-95a1d098ca42,0.0,,,2025-06-05 14:05:40.627000+00:00,2025-06-05 14:05:45.401000+00:00,OTHER-SUBJECTS,2025-06-05 14:04:27.680000+00:00,2025-06-05 14:05:45.402000+00:00,3,6e53fcf6-4d70-4f38-8c01-b7fee51ce828,77,,4,Rommel
936040b5-880d-404d-b7b1-18dca99fc12e,6d388bff-df57-4c30-a1f5-a50bf54e01eb,03f0232f-a4d2-4d69-a11a-df3cbee319c8,2c4941df-a207-48cd-b7b0-ca7edaafcba5,,urn:talqui:whatsapp-internal:0,99f45f61-68bf-4aa6-8f91-fda4bbb291e5,,,False,transactional,contact,auto,1,,a6c1631d-a302-4636-97ad-e43294dd53ff,0.0,,,2025-06-05 14:08:49.181000+00:00,2025-06-05 14:08:54.287000+00:00,OTHER-SUBJECTS,2025-06-05 14:08:04.644000+00:00,2025-06-05 14:08:54.288000+00:00,3,1d86950e-7c29-4d60-8427-aa805f5f3b33,49,,5,Henrique
936040b5-880d-404d-b7b1-18dca99fc12e,6d388bff-df57-4c30-a1f5-a50bf54e01eb,64278d52-a15f-4afb-a724-28d110adc8a1,ccce8fda-1988-48e9-a974-d56e8c8b91c9,,urn:talqui:whatsapp-internal:0,99f45f61-68bf-4aa6-8f91-fda4bbb291e5,,,False,transactional,contact,auto,1,,f6973909-0194-47e3-9c36-31f6d8edab64,0.0,,,2025-06-05 14:22:29.353000+00:00,2025-06-05 14:22:59.705000+00:00,OTHER-SUBJECTS,2025-06-05 14:09:32.754000+00:00,2025-06-05 14:22:59.706000+00:00,4,1d86950e-7c29-4d60-8427-aa805f5f3b33,806,,30,Henrique
936040b5-880d-404d-b7b1-18dca99fc12e,6d388bff-df57-4c30-a1f5-a50bf54e01eb,47b8dc51-0479-466c-b1c3-6247eac31cd9,f494aa5f-4ebe-4fb8-8fab-0a51f442c19f,,urn:talqui:whatsapp-internal:0,cac67f3c-c021-4227-8dbc-f2e0f2bf9f8f,,,False,transactional,contact,auto,1,,fd5dc4f4-0a47-44fd-b575-0a767fb0a85f,0.0,,2025-06-05 14:47:37.662000+00:00,2025-06-05 15:02:12.756000+00:00,2025-06-05 15:02:17.126000+00:00,OTHER-SUBJECTS,2025-06-05 14:14:44.242000+00:00,2025-06-05 15:02:18.769000+00:00,9,1d86950e-7c29-4d60-8427-aa805f5f3b33,2852,879.0,4,Henrique
936040b5-880d-404d-b7b1-18dca99fc12e,6d388bff-df57-4c30-a1f5-a50bf54e01eb,c9d2eba1-1411-4de0-bdea-bded5885e175,1d75599b-9434-492f-a6ef-0b7495916304,,urn:talqui:whatsapp-internal:0,c015553a-4ba4-4db8-8d2b-2e72c7566bdf,,,False,transactional,contact,auto,1,,20151e00-9e90-446d-97dd-5f91a2d92508,0.0,,2025-06-05 14:18:09.261000+00:00,2025-06-05 14:42:01.557000+00:00,2025-06-05 14:42:05.141000+00:00,OTHER-SUBJECTS,2025-06-05 14:18:09.200000+00:00,2025-06-05 14:42:05.142000+00:00,4,1d86950e-7c29-4d60-8427-aa805f5f3b33,1435,1435.0,3,Henrique
936040b5-880d-404d-b7b1-18dca99fc12e,6d388bff-df57-4c30-a1f5-a50bf54e01eb,dadcae1d-9287-41a8-92a5-4afdfef50749,be2c2fdf-a65a-416a-99f0-12777bfb061d,,urn:talqui:whatsapp-internal:0,cac67f3c-c021-4227-8dbc-f2e0f2bf9f8f,,,False,transactional,contact,auto,1,,bc683ce5-7ba9-4406-92c4-24928cd8eb65,0.0,,2025-06-05 14:19:04.967000+00:00,2025-06-05 14:45:44.710000+00:00,2025-06-05 14:45:47.687000+00:00,OTHER-SUBJECTS,2025-06-05 14:18:40.616000+00:00,2025-06-05 14:45:47.688000+00:00,5,1d86950e-7c29-4d60-8427-aa805f5f3b33,1627,1602.0,2,Henrique
936040b5-880d-404d-b7b1-18dca99fc12e,6d388bff-df57-4c30-a1f5-a50bf54e01eb,6749735f-cb83-49c8-ac5b-750438f405e2,72aac654-2541-43a2-bc47-c26d399f7501,,urn:talqui:whatsapp-internal:0,cac67f3c-c021-4227-8dbc-f2e0f2bf9f8f,,,False,transactional,contact,auto,1,,0b0ff27e-6789-4192-ab28-0c344d7dcca1,0.0,,2025-06-05 14:20:01.573000+00:00,2025-06-05 14:45:55.670000+00:00,2025-06-05 14:45:58.627000+00:00,OTHER-SUBJECTS,2025-06-05 14:19:16.911000+00:00,2025-06-05 14:46:00.553000+00:00,18,1d86950e-7c29-4d60-8427-aa805f5f3b33,1601,1557.0,2,Henrique
936040b5-880d-404d-b7b1-18dca99fc12e,6d388bff-df57-4c30-a1f5-a50bf54e01eb,0bac601f-801c-4d74-89f6-79d918417899,0fad0460-4a11-49ae-bd16-8fd103bfeea5,,urn:talqui:whatsapp-internal:0,cac67f3c-c021-4227-8dbc-f2e0f2bf9f8f,,,False,transactional,contact,auto,1,,bcb83a3e-724c-47a2-b976-e310f6d89d5d,0.0,,2025-06-05 14:27:59.113000+00:00,2025-06-05 14:56:57.494000+00:00,2025-06-05 14:57:00.899000+00:00,OTHER-SUBJECTS,2025-06-05 14:27:59.064000+00:00,2025-06-05 14:57:03.053000+00:00,9,1d86950e-7c29-4d60-8427-aa805f5f3b33,1741,1741.0,3,Henrique
936040b5-880d-404d-b7b1-18dca99fc12e,6d388bff-df57-4c30-a1f5-a50bf54e01eb,d0a26638-23f0-45b3-917a-1662c5f0cb16,dd486f3c-b4f5-4aa9-b9c5-d447ec5efd7f,,urn:talqui:whatsapp-internal:0,cac67f3c-c021-4227-8dbc-f2e0f2bf9f8f,,,False,transactional,contact,auto,1,,eda9108e-1022-461f-a6dc-5014fb8d3ed3,0.0,,2025-06-05 14:32:59.262000+00:00,2025-06-05 17:48:58.783000+00:00,2025-06-05 17:49:00.981000+00:00,OTHER-SUBJECTS,2025-06-05 14:31:45.646000+00:00,2025-06-05 17:49:02.498000+00:00,11,1d86950e-7c29-4d60-8427-aa805f5f3b33,11835,11761.0,2,Henrique
936040b5-880d-404d-b7b1-18dca99fc12e,6d388bff-df57-4c30-a1f5-a50bf54e01eb,501b7c20-3912-4935-8f60-330a5867c4c3,3d0a887e-32e9-4e55-b0a6-3655091484b2,,urn:talqui:whatsapp-internal:0,cac67f3c-c021-4227-8dbc-f2e0f2bf9f8f,,,False,transactional,contact,auto,1,,8169ae1e-a71f-4110-bbdf-ee54b75dff28,0.0,,2025-06-05 14:41:47.530000+00:00,2025-06-05 14:58:24.220000+00:00,2025-06-05 14:58:27.653000+00:00,OTHER-SUBJECTS,2025-06-05 14:37:22.688000+00:00,2025-06-05 14:58:29.714000+00:00,6,1d86950e-7c29-4d60-8427-aa805f5f3b33,1264,1000.0,3,Henrique
936040b5-880d-404d-b7b1-18dca99fc12e,6d388bff-df57-4c30-a1f5-a50bf54e01eb,ef3cbc7a-f72a-4299-ada5-6603c6e54628,98272540-8ef7-4a31-ade2-f6036882f6ef,,urn:talqui:whatsapp-internal:0,cac67f3c-c021-4227-8dbc-f2e0f2bf9f8f,,,False,transactional,contact,auto,1,,f7ba672b-bc4f-490b-a6cb-10b14a6f0589,0.0,,2025-06-05 14:54:25.271000+00:00,2025-06-05 15:02:32.959000+00:00,2025-06-05 15:02:35.493000+00:00,OTHER-SUBJECTS,2025-06-05 14:39:28.944000+00:00,2025-06-05 15:02:37.979000+00:00,18,1d86950e-7c29-4d60-8427-aa805f5f3b33,1386,490.0,2,Henrique
936040b5-880d-404d-b7b1-18dca99fc12e,6d388bff-df57-4c30-a1f5-a50bf54e01eb,6808a837-4446-414a-94df-060438e1f35e,c29c3546-1256-4ec8-b984-081968d24f45,,urn:talqui:whatsapp-internal:0,c015553a-4ba4-4db8-8d2b-2e72c7566bdf,,,False,transactional,contact,auto,1,,cb2d273c-bba9-4ee7-b6e6-899091023b3b,0.0,,2025-06-05 14:52:05.529000+00:00,2025-06-05 14:56:47.061000+00:00,2025-06-05 14:56:51.099000+00:00,OTHER-SUBJECTS,2025-06-05 14:47:39.086000+00:00,2025-06-05 14:56:51.117000+00:00,5,1d86950e-7c29-4d60-8427-aa805f5f3b33,552,285.0,4,Henrique
936040b5-880d-404d-b7b1-18dca99fc12e,6d388bff-df57-4c30-a1f5-a50bf54e01eb,49fce469-abf6-486e-ba17-1d65a8c20846,2a62a36f-7e0f-4dca-9d74-b75af5b6f0aa,,urn:talqui:whatsapp-internal:0,c015553a-4ba4-4db8-8d2b-2e72c7566bdf,,,False,transactional,contact,auto,1,,3b142def-d45a-4c39-8be9-2b82d0be478e,0.0,,,2025-06-05 14:58:03.019000+00:00,2025-06-05 14:58:07.454000+00:00,OTHER-SUBJECTS,2025-06-05 14:55:50.992000+00:00,2025-06-05 14:58:07.455000+00:00,4,6e53fcf6-4d70-4f38-8c01-b7fee51ce828,136,,4,Rommel
936040b5-880d-404d-b7b1-18dca99fc12e,6d388bff-df57-4c30-a1f5-a50bf54e01eb,f90f0b04-29aa-405a-ac57-450ed06f734d,6b46726d-1e1e-4b18-b48e-087033b116b4,,urn:talqui:whatsapp-internal:0,cac67f3c-c021-4227-8dbc-f2e0f2bf9f8f,,,False,transactional,contact,auto,1,,34c9359c-72e5-4769-989f-74eae5b0ac65,0.0,,,2025-06-05 14:58:30.082000+00:00,2025-06-05 14:58:34.654000+00:00,OTHER-SUBJECTS,2025-06-05 14:57:05.293000+00:00,2025-06-05 14:58:34.655000+00:00,3,6e53fcf6-4d70-4f38-8c01-b7fee51ce828,89,,4,Rommel
936040b5-880d-404d-b7b1-18dca99fc12e,6d388bff-df57-4c30-a1f5-a50bf54e01eb,ab762efc-c980-461c-8459-509c63dd9226,528afdc2-b03a-478d-8278-b9bef6b81c62,,urn:talqui:whatsapp-internal:0,cac67f3c-c021-4227-8dbc-f2e0f2bf9f8f,,,False,transactional,contact,auto,1,,c2303d2b-7e35-498a-bdaf-69176d3c44de,0.0,,2025-06-05 14:57:32.381000+00:00,2025-06-05 15:29:17.379000+00:00,2025-06-05 15:29:20.271000+00:00,OTHER-SUBJECTS,2025-06-05 14:57:32.336000+00:00,2025-06-05 15:29:20.271000+00:00,4,1d86950e-7c29-4d60-8427-aa805f5f3b33,1907,1907.0,2,Henrique
936040b5-880d-404d-b7b1-18dca99fc12e,6d388bff-df57-4c30-a1f5-a50bf54e01eb,0bac601f-801c-4d74-89f6-79d918417899,43f429d5-d714-47e2-8b24-da03ee610293,,urn:talqui:whatsapp-internal:0,cac67f3c-c021-4227-8dbc-f2e0f2bf9f8f,,,False,transactional,contact,auto,1,,53e35dc7-6f1a-40fd-96e9-ec0ba38ef376,0.0,,2025-06-05 15:06:27.824000+00:00,2025-06-05 15:29:33.777000+00:00,2025-06-05 15:29:36.326000+00:00,OTHER-SUBJECTS,2025-06-05 14:58:39.925000+00:00,2025-06-05 15:32:38.077000+00:00,15,1d86950e-7c29-4d60-8427-aa805f5f3b33,1856,1388.0,2,Henrique
936040b5-880d-404d-b7b1-18dca99fc12e,6d388bff-df57-4c30-a1f5-a50bf54e01eb,6808a837-4446-414a-94df-060438e1f35e,d23ddfac-895f-4e0c-bb76-601e55abf6ac,,urn:talqui:whatsapp-internal:0,c015553a-4ba4-4db8-8d2b-2e72c7566bdf,,,False,transactional,contact,auto,1,,cce8b687-e6d3-4b1f-8b40-009105765187,0.0,,2025-06-05 15:02:22.550000+00:00,2025-06-05 15:02:55.932000+00:00,2025-06-05 15:02:58.587000+00:00,OTHER-SUBJECTS,2025-06-05 15:02:22.528000+00:00,2025-06-05 15:02:58.587000+00:00,4,1d86950e-7c29-4d60-8427-aa805f5f3b33,36,36.0,2,Henrique
936040b5-880d-404d-b7b1-18dca99fc12e,6d388bff-df57-4c30-a1f5-a50bf54e01eb,ef3cbc7a-f72a-4299-ada5-6603c6e54628,54fdc388-2b91-42af-adfd-8764c6a7edc6,,urn:talqui:whatsapp-internal:0,cac67f3c-c021-4227-8dbc-f2e0f2bf9f8f,,,False,transactional,contact,auto,1,,c09f10ed-603c-4cde-8057-f7766581bbf0,0.0,,,2025-06-05 15:03:07.792000+00:00,2025-06-05 15:03:10.887000+00:00,OTHER-SUBJECTS,2025-06-05 15:02:59.498000+00:00,2025-06-05 15:03:10.887000+00:00,3,1d86950e-7c29-4d60-8427-aa805f5f3b33,11,,3,Henrique
936040b5-880d-404d-b7b1-18dca99fc12e,6d388bff-df57-4c30-a1f5-a50bf54e01eb,6749735f-cb83-49c8-ac5b-750438f405e2,50ec7dd7-cab3-4f94-a18f-c0877dc485f3,,urn:talqui:whatsapp-internal:0,cac67f3c-c021-4227-8dbc-f2e0f2bf9f8f,,,False,transactional,contact,auto,1,,4088582e-d930-433a-ac84-f31f5c19a822,0.0,,2025-06-05 15:32:52.722000+00:00,2025-06-05 17:45:40.640000+00:00,2025-06-05 17:45:43.287000+00:00,OTHER-SUBJECTS,2025-06-05 15:05:33.552000+00:00,2025-06-05 17:45:44.417000+00:00,12,1d86950e-7c29-4d60-8427-aa805f5f3b33,9609,7970.0,2,Henrique
936040b5-880d-404d-b7b1-18dca99fc12e,6d388bff-df57-4c30-a1f5-a50bf54e01eb,9c38e944-2467-488d-8787-7f3e5228db99,e117efbb-bed6-43e1-aead-63f9fa9f63a8,,urn:talqui:whatsapp-internal:0,cac67f3c-c021-4227-8dbc-f2e0f2bf9f8f,,,False,transactional,contact,auto,1,,e8ddd833-7463-423e-9522-247f16ea78c6,0.0,,2025-06-05 15:05:40.725000+00:00,2025-06-05 15:29:25.358000+00:00,2025-06-05 15:29:28.304000+00:00,OTHER-SUBJECTS,2025-06-05 15:05:40.666000+00:00,2025-06-05 15:29:31.660000+00:00,6,1d86950e-7c29-4d60-8427-aa805f5f3b33,1427,1427.0,2,Henrique
936040b5-880d-404d-b7b1-18dca99fc12e,6d388bff-df57-4c30-a1f5-a50bf54e01eb,ce6233dd-03f1-48f2-bf60-d9eff5bc0923,3ad99878-09d9-401f-bf9a-563b2dbfbfd2,,urn:talqui:whatsapp-internal:0,99f45f61-68bf-4aa6-8f91-fda4bbb291e5,,,False,transactional,contact,auto,1,,1216d48c-ec81-4ec2-b302-20e8467d0d77,0.0,,,2025-06-05 15:24:45.324000+00:00,2025-06-05 15:25:47.235000+00:00,OTHER-SUBJECTS,2025-06-05 15:06:12.170000+00:00,2025-06-05 15:28:49.128000+00:00,6,1d86950e-7c29-4d60-8427-aa805f5f3b33,1175,,61,Henrique
936040b5-880d-404d-b7b1-18dca99fc12e,6d388bff-df57-4c30-a1f5-a50bf54e01eb,71549876-d640-4d64-8d93-69d3b2c4eaa3,41ffca4d-0c27-4f47-9514-0964f5ff2fb9,,urn:talqui:whatsapp-internal:0,cac67f3c-c021-4227-8dbc-f2e0f2bf9f8f,,,False,transactional,contact,auto,1,,a4fcb3b7-6aff-4d21-911e-13e07a580c45,0.0,,2025-06-05 17:32:06.241000+00:00,2025-06-05 17:45:21.761000+00:00,2025-06-05 17:45:25.811000+00:00,OTHER-SUBJECTS,2025-06-05 15:06:31.887000+00:00,2025-06-05 17:45:25.811000+00:00,5,1d86950e-7c29-4d60-8427-aa805f5f3b33,9533,799.0,4,Henrique
936040b5-880d-404d-b7b1-18dca99fc12e,6d388bff-df57-4c30-a1f5-a50bf54e01eb,6808a837-4446-414a-94df-060438e1f35e,1af24ec4-595c-4014-bece-19182665a5c7,,urn:talqui:whatsapp-internal:0,c015553a-4ba4-4db8-8d2b-2e72c7566bdf,,,False,transactional,contact,auto,1,,17921989-4b6f-4bc5-842c-864a4b98367c,0.0,,2025-06-05 15:07:21.007000+00:00,2025-06-05 15:29:41.198000+00:00,2025-06-05 15:29:43.767000+00:00,OTHER-SUBJECTS,2025-06-05 15:07:20.994000+00:00,2025-06-05 15:29:43.767000+00:00,5,1d86950e-7c29-4d60-8427-aa805f5f3b33,1342,1342.0,2,Henrique
936040b5-880d-404d-b7b1-18dca99fc12e,6d388bff-df57-4c30-a1f5-a50bf54e01eb,fe2ae3a1-23d5-4836-a394-2f25734ff76b,be752f1e-b844-4191-a880-0817036a88b3,,urn:talqui:whatsapp-internal:0,c015553a-4ba4-4db8-8d2b-2e72c7566bdf,,,False,transactional,contact,auto,1,,c015b998-f902-4550-bb1b-d43091870034,0.0,,2025-06-05 15:19:14.598000+00:00,2025-06-05 15:54:16.484000+00:00,2025-06-05 15:54:19.090000+00:00,OTHER-SUBJECTS,2025-06-05 15:13:10.833000+00:00,2025-06-05 15:54:21.125000+00:00,11,1d86950e-7c29-4d60-8427-aa805f5f3b33,2468,2104.0,2,Henrique
936040b5-880d-404d-b7b1-18dca99fc12e,6d388bff-df57-4c30-a1f5-a50bf54e01eb,a5390376-d7d6-478a-b024-3e568b363d94,bf415ffd-4743-408a-a792-667800d3f41d,,urn:talqui:whatsapp-internal:0,c015553a-4ba4-4db8-8d2b-2e72c7566bdf,,,False,transactional,contact,auto,1,,fa0dbc5a-ab94-49ea-8376-2870d0711a34,0.0,,2025-06-05 15:15:46.651000+00:00,2025-06-05 15:29:49.799000+00:00,2025-06-05 15:29:52.665000+00:00,OTHER-SUBJECTS,2025-06-05 15:15:46.588000+00:00,2025-06-05 15:29:52.666000+00:00,4,1d86950e-7c29-4d60-8427-aa805f5f3b33,846,846.0,2,Henrique
936040b5-880d-404d-b7b1-18dca99fc12e,6d388bff-df57-4c30-a1f5-a50bf54e01eb,01b50c52-0d0d-45cf-b5c7-8c232dda4107,148ca479-560f-44c2-a1c8-3b505650473e,,urn:talqui:whatsapp-internal:0,cac67f3c-c021-4227-8dbc-f2e0f2bf9f8f,,,False,transactional,contact,auto,1,,3be145a1-13b3-4951-9930-95ce095c622e,0.0,,2025-06-05 15:19:28.656000+00:00,2025-06-05 15:30:06.578000+00:00,2025-06-05 15:30:08.804000+00:00,OTHER-SUBJECTS,2025-06-05 15:18:22.759000+00:00,2025-06-05 15:33:15.404000+00:00,13,1d86950e-7c29-4d60-8427-aa805f5f3b33,706,640.0,2,Henrique
936040b5-880d-404d-b7b1-18dca99fc12e,6d388bff-df57-4c30-a1f5-a50bf54e01eb,6f97bb20-bd77-4ff5-aa5e-2bf5cc87ee73,ffdb8232-51ea-4644-ac64-b0ff10ffacf7,,urn:talqui:whatsapp-internal:0,cac67f3c-c021-4227-8dbc-f2e0f2bf9f8f,,,False,transactional,contact,auto,1,,0d9c89e8-dc16-4649-b53d-ac7a1959ead1,0.0,,2025-06-05 15:20:33.729000+00:00,2025-06-05 15:30:27.896000+00:00,2025-06-05 15:30:30.922000+00:00,OTHER-SUBJECTS,2025-06-05 15:20:33.677000+00:00,2025-06-05 15:30:30.923000+00:00,5,1d86950e-7c29-4d60-8427-aa805f5f3b33,597,597.0,3,Henrique
936040b5-880d-404d-b7b1-18dca99fc12e,6d388bff-df57-4c30-a1f5-a50bf54e01eb,6cc44d79-6e11-416f-b4cb-ade61d8ff47b,f9bd3155-a4f4-4e60-82c4-18c77bb3a4ed,,urn:talqui:whatsapp-internal:0,c015553a-4ba4-4db8-8d2b-2e72c7566bdf,,,False,transactional,contact,auto,1,,5adade35-00c7-4c1a-8d62-1d465b205357,0.0,,2025-06-05 15:23:44.600000+00:00,2025-06-05 15:28:55.602000+00:00,2025-06-05 15:28:59.226000+00:00,OTHER-SUBJECTS,2025-06-05 15:20:53.274000+00:00,2025-06-05 15:29:00.286000+00:00,11,1d86950e-7c29-4d60-8427-aa805f5f3b33,485,314.0,3,Henrique
936040b5-880d-404d-b7b1-18dca99fc12e,6d388bff-df57-4c30-a1f5-a50bf54e01eb,f1e4f2b9-914d-4621-abf4-5002c485ea6d,c15ed84b-cb37-4c2a-8740-4c79daff5f61,,urn:talqui:whatsapp-internal:0,cac67f3c-c021-4227-8dbc-f2e0f2bf9f8f,,,False,transactional,contact,auto,1,,adad8c0a-ad2f-43fc-b257-a596333ecec6,0.0,,2025-06-05 15:24:19.849000+00:00,2025-06-05 15:28:09.719000+00:00,2025-06-05 15:28:13.630000+00:00,OTHER-SUBJECTS,2025-06-05 15:22:47.658000+00:00,2025-06-05 15:28:55.260000+00:00,11,1d86950e-7c29-4d60-8427-aa805f5f3b33,325,233.0,3,Henrique
936040b5-880d-404d-b7b1-18dca99fc12e,6d388bff-df57-4c30-a1f5-a50bf54e01eb,b70a3d61-a9ab-43ff-822a-8eefe310dd1f,e3916d4f-b5b4-4d0c-a940-bf63e68fa720,,urn:talqui:whatsapp-internal:0,c015553a-4ba4-4db8-8d2b-2e72c7566bdf,,,False,transactional,contact,auto,1,,cd619254-f2a0-4752-ad1f-202f6b09d345,0.0,,2025-06-05 16:58:01.909000+00:00,2025-06-05 20:12:53.582000+00:00,2025-06-05 20:12:56.732000+00:00,OTHER-SUBJECTS,2025-06-05 15:25:11.559000+00:00,2025-06-05 20:12:58.691000+00:00,8,1d86950e-7c29-4d60-8427-aa805f5f3b33,17265,11694.0,3,Henrique
936040b5-880d-404d-b7b1-18dca99fc12e,6d388bff-df57-4c30-a1f5-a50bf54e01eb,e62a7da1-63de-43a8-a078-256b090bb0bc,d2c4fae0-204f-4af2-a177-e3e491cd9524,,urn:talqui:whatsapp-internal:0,c015553a-4ba4-4db8-8d2b-2e72c7566bdf,,,False,transactional,contact,auto,1,,a63c0300-8649-43fe-9a93-45d3a92e2c26,0.0,,2025-06-05 15:25:23.888000+00:00,2025-06-05 15:54:24.208000+00:00,2025-06-05 15:54:26.832000+00:00,OTHER-SUBJECTS,2025-06-05 15:25:22.433000+00:00,2025-06-05 15:54:28.653000+00:00,11,1d86950e-7c29-4d60-8427-aa805f5f3b33,1744,1742.0,2,Henrique
936040b5-880d-404d-b7b1-18dca99fc12e,6d388bff-df57-4c30-a1f5-a50bf54e01eb,356d0491-6b58-48d0-bcff-927ee69489fa,00da6f73-63d1-4f35-8d3a-eecb6f1d6ea7,,urn:talqui:whatsapp-internal:0,cac67f3c-c021-4227-8dbc-f2e0f2bf9f8f,,,False,transactional,contact,auto,1,,9989f152-8257-4498-9e48-896289bc260c,0.0,,2025-06-05 15:27:46.584000+00:00,2025-06-05 15:30:37.096000+00:00,2025-06-05 15:30:41.882000+00:00,OTHER-SUBJECTS,2025-06-05 15:27:46.544000+00:00,2025-06-05 15:33:23.813000+00:00,11,1d86950e-7c29-4d60-8427-aa805f5f3b33,175,175.0,4,Henrique
936040b5-880d-404d-b7b1-18dca99fc12e,6d388bff-df57-4c30-a1f5-a50bf54e01eb,356d0491-6b58-48d0-bcff-927ee69489fa,212e15c3-1740-4425-ae7f-21e8e8bd2f3e,,urn:talqui:whatsapp-internal:0,cac67f3c-c021-4227-8dbc-f2e0f2bf9f8f,,,False,transactional,contact,auto,1,,385f89a9-0744-451e-b370-bf20979e83d1,0.0,,2025-06-05 15:30:44.590000+00:00,2025-06-05 17:44:42.344000+00:00,2025-06-05 17:44:50.928000+00:00,OTHER-SUBJECTS,2025-06-05 15:30:42.486000+00:00,2025-06-05 17:45:03.215000+00:00,8,1d86950e-7c29-4d60-8427-aa805f5f3b33,8048,8046.0,8,Henrique
936040b5-880d-404d-b7b1-18dca99fc12e,6d388bff-df57-4c30-a1f5-a50bf54e01eb,ce6233dd-03f1-48f2-bf60-d9eff5bc0923,22c57c31-c82d-4eb4-a6ee-3fe54f014bcd,,urn:talqui:whatsapp-internal:0,99f45f61-68bf-4aa6-8f91-fda4bbb291e5,,,False,transactional,contact,auto,1,,4cf154b1-bb0b-4511-8dd8-77c82d8da6fd,0.0,,,2025-06-05 15:43:58.125000+00:00,2025-06-05 15:44:07.840000+00:00,OTHER-SUBJECTS,2025-06-05 15:32:18.260000+00:00,2025-06-05 15:44:07.841000+00:00,4,1d86950e-7c29-4d60-8427-aa805f5f3b33,709,,9,Henrique
936040b5-880d-404d-b7b1-18dca99fc12e,6d388bff-df57-4c30-a1f5-a50bf54e01eb,ef3cbc7a-f72a-4299-ada5-6603c6e54628,b7bb6cc4-3b14-417e-9439-58e8ff9b8c74,,urn:talqui:whatsapp-internal:0,cac67f3c-c021-4227-8dbc-f2e0f2bf9f8f,,,False,transactional,contact,auto,1,,1d321b05-972f-40fa-9213-3d286161c608,0.0,,2025-06-05 15:36:38.890000+00:00,2025-06-05 17:44:22.486000+00:00,2025-06-05 17:44:27.167000+00:00,OTHER-SUBJECTS,2025-06-05 15:36:13.910000+00:00,2025-06-05 17:44:27.985000+00:00,6,1d86950e-7c29-4d60-8427-aa805f5f3b33,7693,7668.0,4,Henrique
936040b5-880d-404d-b7b1-18dca99fc12e,6d388bff-df57-4c30-a1f5-a50bf54e01eb,d48ebb6d-b9dd-4074-90ff-665792688e40,c68995d8-de34-4299-a3cb-b8e6d43707b1,,urn:talqui:whatsapp-internal:0,cac67f3c-c021-4227-8dbc-f2e0f2bf9f8f,,,False,transactional,contact,auto,1,,4565ab0d-1b03-4b21-a223-d130162c825a,0.0,,2025-06-05 15:36:34.561000+00:00,2025-06-05 17:44:56.898000+00:00,2025-06-05 17:45:00.308000+00:00,OTHER-SUBJECTS,2025-06-05 15:36:34.523000+00:00,2025-06-05 17:45:04.472000+00:00,12,1d86950e-7c29-4d60-8427-aa805f5f3b33,7705,7705.0,3,Henrique
936040b5-880d-404d-b7b1-18dca99fc12e,6d388bff-df57-4c30-a1f5-a50bf54e01eb,160b89e1-3160-47d7-9339-bd5d96c5d4ab,d96ed886-bd92-410c-9176-0be4e1b793e9,,urn:talqui:whatsapp-internal:0,c015553a-4ba4-4db8-8d2b-2e72c7566bdf,,,False,transactional,contact,auto,1,,61e7c8fb-1079-446b-bb03-f9d2c1cb5f9a,0.0,,2025-06-05 15:37:00.660000+00:00,2025-06-05 17:48:51.483000+00:00,2025-06-05 17:48:54.382000+00:00,OTHER-SUBJECTS,2025-06-05 15:37:00.626000+00:00,2025-06-05 17:48:56.070000+00:00,7,1d86950e-7c29-4d60-8427-aa805f5f3b33,7913,7913.0,2,Henrique
936040b5-880d-404d-b7b1-18dca99fc12e,6d388bff-df57-4c30-a1f5-a50bf54e01eb,0ff4869f-ad3f-46ab-a231-cbb6f54baa9d,75d5761f-daae-4495-a38b-d9b603dfe5f1,,urn:talqui:whatsapp-internal:0,c015553a-4ba4-4db8-8d2b-2e72c7566bdf,,,False,transactional,contact,auto,1,,f08768ef-bb43-47d0-8675-ded8883d5eae,0.0,,2025-06-05 15:41:27.132000+00:00,2025-06-05 17:45:51.899000+00:00,2025-06-05 17:45:54.746000+00:00,OTHER-SUBJECTS,2025-06-05 15:41:27.073000+00:00,2025-06-05 17:45:56.896000+00:00,8,1d86950e-7c29-4d60-8427-aa805f5f3b33,7467,7467.0,2,Henrique
936040b5-880d-404d-b7b1-18dca99fc12e,6d388bff-df57-4c30-a1f5-a50bf54e01eb,607e31f6-5c71-42fa-8e2b-04b74e4fe089,da4a8dc4-e604-45f9-b9ee-33d0047b85fc,,urn:talqui:whatsapp-internal:0,99f45f61-68bf-4aa6-8f91-fda4bbb291e5,,,False,transactional,contact,auto,1,,685c1c22-254a-4605-9372-ea7fc87b15c7,0.0,,,2025-06-05 15:52:33.468000+00:00,2025-06-05 15:53:29.534000+00:00,OTHER-SUBJECTS,2025-06-05 15:51:02.178000+00:00,2025-06-05 15:53:31.125000+00:00,7,1d86950e-7c29-4d60-8427-aa805f5f3b33,147,,56,Henrique
936040b5-880d-404d-b7b1-18dca99fc12e,6d388bff-df57-4c30-a1f5-a50bf54e01eb,09b96df9-fdc6-4f1a-a2ea-edd757b1ebbb,c2369f94-5a04-4014-8a90-a3c436e921f4,,urn:talqui:whatsapp-internal:0,c015553a-4ba4-4db8-8d2b-2e72c7566bdf,,,False,transactional,contact,auto,1,,4ab1d56d-274b-4176-8f5b-7948fb31af57,0.0,,2025-06-05 16:06:34.377000+00:00,2025-06-05 17:46:01.564000+00:00,2025-06-05 17:46:04.011000+00:00,OTHER-SUBJECTS,2025-06-05 15:53:19.333000+00:00,2025-06-05 17:46:06.044000+00:00,8,1d86950e-7c29-4d60-8427-aa805f5f3b33,6764,5969.0,2,Henrique
936040b5-880d-404d-b7b1-18dca99fc12e,6d388bff-df57-4c30-a1f5-a50bf54e01eb,607e31f6-5c71-42fa-8e2b-04b74e4fe089,9359eee2-3c8c-4f70-803b-7495ccfd8650,,urn:talqui:whatsapp-internal:0,99f45f61-68bf-4aa6-8f91-fda4bbb291e5,,,False,transactional,contact,auto,1,,a16d51de-b228-4b54-b1c4-96d6a52b2a1a,0.0,,,2025-06-05 15:58:16.363000+00:00,2025-06-05 15:58:53.004000+00:00,OTHER-SUBJECTS,2025-06-05 15:54:08.573000+00:00,2025-06-05 15:58:53.004000+00:00,4,1d86950e-7c29-4d60-8427-aa805f5f3b33,284,,36,Henrique
936040b5-880d-404d-b7b1-18dca99fc12e,6d388bff-df57-4c30-a1f5-a50bf54e01eb,4391aca8-31a4-4036-9328-8878241d8fa5,38a14d43-2b9d-47c1-92c8-e78ce13f91a6,,urn:talqui:whatsapp-internal:0,99f45f61-68bf-4aa6-8f91-fda4bbb291e5,,,False,transactional,contact,auto,1,,b1785ffb-6bc8-4ca3-9603-d5c79e10fa98,0.0,,,2025-06-05 18:07:07.969000+00:00,2025-06-05 18:07:16.175000+00:00,OTHER-SUBJECTS,2025-06-05 15:54:52.420000+00:00,2025-06-05 18:07:16.175000+00:00,5,1d86950e-7c29-4d60-8427-aa805f5f3b33,7943,,8,Henrique
936040b5-880d-404d-b7b1-18dca99fc12e,6d388bff-df57-4c30-a1f5-a50bf54e01eb,607e31f6-5c71-42fa-8e2b-04b74e4fe089,0e8cda88-821f-4fa9-97da-004ea376eea1,,urn:talqui:whatsapp-internal:0,99f45f61-68bf-4aa6-8f91-fda4bbb291e5,,,False,transactional,contact,auto,1,,d0ad11cb-85ca-4062-a970-c427b9429994,0.0,,,2025-06-05 17:50:00.036000+00:00,2025-06-05 17:50:02.519000+00:00,OTHER-SUBJECTS,2025-06-05 16:07:01.221000+00:00,2025-06-05 17:50:02.520000+00:00,3,1d86950e-7c29-4d60-8427-aa805f5f3b33,6181,,2,Henrique
936040b5-880d-404d-b7b1-18dca99fc12e,6d388bff-df57-4c30-a1f5-a50bf54e01eb,f02d8070-2b3c-442b-baaa-2360d23a1d3a,f1e54db7-331c-4903-b0c2-46589cc57400,,urn:talqui:whatsapp-internal:0,cac67f3c-c021-4227-8dbc-f2e0f2bf9f8f,,,False,transactional,contact,auto,1,,c715e2ad-e5e8-4650-9415-3f123b91a61c,0.0,,2025-06-05 16:16:13.623000+00:00,2025-06-05 17:46:10.001000+00:00,2025-06-05 17:46:12.346000+00:00,OTHER-SUBJECTS,2025-06-05 16:08:50.781000+00:00,2025-06-05 17:46:13.891000+00:00,10,1d86950e-7c29-4d60-8427-aa805f5f3b33,5841,5398.0,2,Henrique
936040b5-880d-404d-b7b1-18dca99fc12e,6d388bff-df57-4c30-a1f5-a50bf54e01eb,b7516cd2-40ef-4ed1-8a20-50e697a69d56,0b561437-10eb-430f-a7db-b26e61fb0a74,,urn:talqui:whatsapp-internal:0,cac67f3c-c021-4227-8dbc-f2e0f2bf9f8f,,,False,transactional,contact,auto,1,,847fdbbc-3956-4513-a9d1-d2f5276f08fa,0.0,,2025-06-05 16:23:58.864000+00:00,2025-06-05 17:46:34.261000+00:00,2025-06-05 17:46:37.205000+00:00,OTHER-SUBJECTS,2025-06-05 16:18:46.737000+00:00,2025-06-05 17:46:38.764000+00:00,12,1d86950e-7c29-4d60-8427-aa805f5f3b33,5270,4958.0,2,Henrique
936040b5-880d-404d-b7b1-18dca99fc12e,6d388bff-df57-4c30-a1f5-a50bf54e01eb,0bac601f-801c-4d74-89f6-79d918417899,6f3e1adc-1cc4-4c4a-bae2-42797d6f1ac7,,urn:talqui:whatsapp-internal:0,cac67f3c-c021-4227-8dbc-f2e0f2bf9f8f,,,False,transactional,contact,auto,1,,ec1c9bfc-54cb-4a8a-9382-2731e2d291d8,0.0,,2025-06-05 16:24:25.053000+00:00,2025-06-05 17:46:57.420000+00:00,2025-06-05 17:46:59.868000+00:00,OTHER-SUBJECTS,2025-06-05 16:19:49.811000+00:00,2025-06-05 17:47:01.544000+00:00,12,1d86950e-7c29-4d60-8427-aa805f5f3b33,5230,4954.0,2,Henrique
936040b5-880d-404d-b7b1-18dca99fc12e,6d388bff-df57-4c30-a1f5-a50bf54e01eb,06b6684a-60e7-45b1-add3-301646678517,4edde88c-f880-4d92-83dd-67a9c846ee84,,urn:talqui:whatsapp-internal:0,99f45f61-68bf-4aa6-8f91-fda4bbb291e5,,,False,transactional,contact,auto,1,,8cd1cb69-161d-4692-b03f-91d0e36095ae,0.0,,,2025-06-05 17:40:53.474000+00:00,2025-06-05 17:43:12.810000+00:00,OTHER-SUBJECTS,2025-06-05 16:24:33.273000+00:00,2025-06-05 17:43:12.810000+00:00,4,1d86950e-7c29-4d60-8427-aa805f5f3b33,4719,,139,Henrique
936040b5-880d-404d-b7b1-18dca99fc12e,6d388bff-df57-4c30-a1f5-a50bf54e01eb,ab762efc-c980-461c-8459-509c63dd9226,7d031384-b595-487d-9a69-26da082a541f,,urn:talqui:whatsapp-internal:0,cac67f3c-c021-4227-8dbc-f2e0f2bf9f8f,,,False,transactional,contact,auto,1,,6c782051-724f-4ac9-bc12-2104df9cc6e5,0.0,,2025-06-05 16:36:14.429000+00:00,2025-06-05 17:48:38.023000+00:00,2025-06-05 17:48:41.202000+00:00,OTHER-SUBJECTS,2025-06-05 16:26:43.200000+00:00,2025-06-05 17:48:42.878000+00:00,10,1d86950e-7c29-4d60-8427-aa805f5f3b33,4918,4346.0,3,Henrique
936040b5-880d-404d-b7b1-18dca99fc12e,6d388bff-df57-4c30-a1f5-a50bf54e01eb,9f04ccdb-fe48-46e5-9927-8be40d910ba8,b683c5c1-888f-4244-80ed-d8d2dc14b4b5,,urn:talqui:whatsapp-internal:0,cac67f3c-c021-4227-8dbc-f2e0f2bf9f8f,,,False,transactional,contact,auto,1,,44acfe95-b59c-417b-afb5-4be2d5576947,0.0,,2025-06-05 16:35:49.779000+00:00,2025-06-05 17:47:35.724000+00:00,2025-06-05 17:47:38.367000+00:00,OTHER-SUBJECTS,2025-06-05 16:28:49.691000+00:00,2025-06-05 17:47:40.273000+00:00,17,1d86950e-7c29-4d60-8427-aa805f5f3b33,4728,4308.0,2,Henrique
936040b5-880d-404d-b7b1-18dca99fc12e,6d388bff-df57-4c30-a1f5-a50bf54e01eb,70d3fb75-fe45-4ed5-9d3f-a9f79efdf5eb,db0bc104-2686-4e7a-82a2-328dcd0ef8f8,,urn:talqui:whatsapp-internal:0,cac67f3c-c021-4227-8dbc-f2e0f2bf9f8f,,,False,transactional,contact,auto,1,,66428568-8dca-45fa-8cbd-f815a321135f,0.0,,2025-06-05 16:38:26.445000+00:00,2025-06-05 17:48:20.522000+00:00,2025-06-05 17:48:22.984000+00:00,OTHER-SUBJECTS,2025-06-05 16:32:56.029000+00:00,2025-06-05 17:48:25.401000+00:00,7,1d86950e-7c29-4d60-8427-aa805f5f3b33,4526,4196.0,2,Henrique
936040b5-880d-404d-b7b1-18dca99fc12e,6d388bff-df57-4c30-a1f5-a50bf54e01eb,bb0cf55c-5bc2-4e95-b6ab-fa1c19cb7714,522f3102-4929-41e0-bdec-f3f1f5230ac9,,urn:talqui:whatsapp-internal:0,cac67f3c-c021-4227-8dbc-f2e0f2bf9f8f,,,False,transactional,contact,auto,1,,bd410b5e-bc20-490c-a2e7-e3041d8ed55a,0.0,,2025-06-05 17:24:34.077000+00:00,2025-06-05 17:45:32.706000+00:00,2025-06-05 17:45:35.269000+00:00,OTHER-SUBJECTS,2025-06-05 16:46:09.560000+00:00,2025-06-05 17:45:37.119000+00:00,11,1d86950e-7c29-4d60-8427-aa805f5f3b33,3565,1261.0,2,Henrique
936040b5-880d-404d-b7b1-18dca99fc12e,6d388bff-df57-4c30-a1f5-a50bf54e01eb,8cafc0f0-64e9-4374-8325-cbb87973f1e2,b76a9526-adae-4f09-8d98-a251d674d001,,urn:talqui:whatsapp-internal:0,cac67f3c-c021-4227-8dbc-f2e0f2bf9f8f,,,False,transactional,contact,auto,1,,69cbf4ad-84c0-4d73-8fb3-174cc0164232,0.0,,2025-06-05 17:28:38.942000+00:00,2025-06-05 17:48:02.105000+00:00,2025-06-05 17:48:04.705000+00:00,OTHER-SUBJECTS,2025-06-05 16:47:50.106000+00:00,2025-06-05 17:48:06.575000+00:00,9,1d86950e-7c29-4d60-8427-aa805f5f3b33,3614,1165.0,2,Henrique
936040b5-880d-404d-b7b1-18dca99fc12e,6d388bff-df57-4c30-a1f5-a50bf54e01eb,9c38e944-2467-488d-8787-7f3e5228db99,55c9b384-a584-4ae0-b08e-dcbddce96338,,urn:talqui:whatsapp-internal:0,cac67f3c-c021-4227-8dbc-f2e0f2bf9f8f,,,False,transactional,contact,auto,1,,797469f9-56ea-4176-976c-f3b29cb9180b,0.0,,2025-06-05 17:22:41.710000+00:00,2025-06-05 17:47:51.901000+00:00,2025-06-05 17:47:54.043000+00:00,OTHER-SUBJECTS,2025-06-05 17:12:16.813000+00:00,2025-06-05 17:47:55.308000+00:00,7,1d86950e-7c29-4d60-8427-aa805f5f3b33,2137,1512.0,2,Henrique
936040b5-880d-404d-b7b1-18dca99fc12e,6d388bff-df57-4c30-a1f5-a50bf54e01eb,424b511c-39c0-4629-bddd-9e78bce710b9,52acdb4d-1c2d-48c9-bfd0-5793d779bc9a,,urn:talqui:whatsapp-internal:0,cac67f3c-c021-4227-8dbc-f2e0f2bf9f8f,,,False,transactional,contact,auto,1,,d7bb4d61-1a5f-464a-b7eb-343064c64548,0.0,,2025-06-05 17:23:05.362000+00:00,2025-06-05 17:47:42.622000+00:00,2025-06-05 17:47:45.104000+00:00,OTHER-SUBJECTS,2025-06-05 17:17:24.845000+00:00,2025-06-05 17:47:46.738000+00:00,12,1d86950e-7c29-4d60-8427-aa805f5f3b33,1820,1479.0,2,Henrique
936040b5-880d-404d-b7b1-18dca99fc12e,6d388bff-df57-4c30-a1f5-a50bf54e01eb,e9db3b89-18ad-46e2-843e-17b6b00b9071,a0a0dc3f-8dc5-460b-af23-b83fc4f3f645,,urn:talqui:whatsapp-internal:0,cac67f3c-c021-4227-8dbc-f2e0f2bf9f8f,,,False,transactional,contact,auto,1,,4d5b03f6-ca24-4036-8da3-e87e03fa3260,0.0,,2025-06-05 17:40:04.207000+00:00,2025-06-05 20:13:02.264000+00:00,2025-06-05 20:13:05.176000+00:00,OTHER-SUBJECTS,2025-06-05 17:40:04.126000+00:00,2025-06-05 20:13:06.558000+00:00,10,1d86950e-7c29-4d60-8427-aa805f5f3b33,9181,9180.0,2,Henrique
936040b5-880d-404d-b7b1-18dca99fc12e,6d388bff-df57-4c30-a1f5-a50bf54e01eb,9b513f3e-7ebd-4a38-b92e-2d8de21c7c1d,b6b81db2-13f0-41ea-b7f9-c4cda6eda395,,urn:talqui:whatsapp-internal:0,99f45f61-68bf-4aa6-8f91-fda4bbb291e5,,,False,transactional,contact,auto,1,,3fc86d98-381c-410c-b60b-068c1aeba18c,0.0,,,2025-06-05 17:43:25.232000+00:00,2025-06-05 17:43:41.110000+00:00,OTHER-SUBJECTS,2025-06-05 17:40:33.615000+00:00,2025-06-05 17:43:41.110000+00:00,4,1d86950e-7c29-4d60-8427-aa805f5f3b33,187,,15,Henrique
936040b5-880d-404d-b7b1-18dca99fc12e,6d388bff-df57-4c30-a1f5-a50bf54e01eb,9b513f3e-7ebd-4a38-b92e-2d8de21c7c1d,db00f33c-8e59-45e8-8e80-955009d396bd,,urn:talqui:whatsapp-internal:0,99f45f61-68bf-4aa6-8f91-fda4bbb291e5,,,False,transactional,contact,auto,1,,912438bd-b834-41d3-a49d-4e5e97b86c3d,0.0,,,2025-06-05 17:53:25.376000+00:00,2025-06-05 17:54:30.455000+00:00,OTHER-SUBJECTS,2025-06-05 17:44:40.365000+00:00,2025-06-05 17:54:49.477000+00:00,6,1d86950e-7c29-4d60-8427-aa805f5f3b33,590,,65,Henrique
936040b5-880d-404d-b7b1-18dca99fc12e,6d388bff-df57-4c30-a1f5-a50bf54e01eb,a43219f8-a50d-4326-a944-cba5d969bb2e,46e14308-fd4d-4923-a9f2-f5070b11d49a,,urn:talqui:whatsapp-internal:0,99f45f61-68bf-4aa6-8f91-fda4bbb291e5,,,False,transactional,contact,auto,1,,6804ca47-2d2c-438a-94d3-284804be5906,0.0,,2025-06-05 18:22:20.257000+00:00,2025-06-05 20:15:22.998000+00:00,2025-06-05 20:15:26.010000+00:00,OTHER-SUBJECTS,2025-06-05 17:44:54.362000+00:00,2025-06-05 20:15:26.011000+00:00,6,1d86950e-7c29-4d60-8427-aa805f5f3b33,9031,6785.0,3,Henrique
936040b5-880d-404d-b7b1-18dca99fc12e,6d388bff-df57-4c30-a1f5-a50bf54e01eb,82fd546a-4ba8-4523-8592-83418e1758e3,d732ba97-b254-4b17-b8f5-445ce74e618e,,urn:talqui:whatsapp-internal:0,c015553a-4ba4-4db8-8d2b-2e72c7566bdf,,,False,transactional,contact,auto,1,,e7aa91ff-9b9c-403a-ad55-6c1e6ca8c40a,0.0,,2025-06-05 17:45:01.996000+00:00,2025-06-05 20:13:44.223000+00:00,2025-06-05 20:13:47.176000+00:00,OTHER-SUBJECTS,2025-06-05 17:45:00.418000+00:00,2025-06-05 20:13:48.986000+00:00,9,1d86950e-7c29-4d60-8427-aa805f5f3b33,8926,8925.0,2,Henrique
936040b5-880d-404d-b7b1-18dca99fc12e,6d388bff-df57-4c30-a1f5-a50bf54e01eb,f02d8070-2b3c-442b-baaa-2360d23a1d3a,9999466c-792e-43d2-b857-e31b4b254789,,urn:talqui:whatsapp-internal:0,cac67f3c-c021-4227-8dbc-f2e0f2bf9f8f,,,False,transactional,contact,auto,1,,8366aa6f-12f9-4290-930e-c8594c1e4f14,0.0,,2025-06-05 18:05:35.269000+00:00,2025-06-05 20:14:26.960000+00:00,2025-06-05 20:14:29.512000+00:00,OTHER-SUBJECTS,2025-06-05 17:48:02.797000+00:00,2025-06-05 20:14:29.513000+00:00,5,1d86950e-7c29-4d60-8427-aa805f5f3b33,8786,7734.0,2,Henrique
936040b5-880d-404d-b7b1-18dca99fc12e,6d388bff-df57-4c30-a1f5-a50bf54e01eb,424b511c-39c0-4629-bddd-9e78bce710b9,ed966664-44b4-40b8-819a-966b5356b52b,,urn:talqui:whatsapp-internal:0,cac67f3c-c021-4227-8dbc-f2e0f2bf9f8f,,,False,transactional,contact,auto,1,,8b18936e-cc16-4c3f-87df-11aefec87347,0.0,,2025-06-05 18:02:42.803000+00:00,2025-06-05 20:14:10.482000+00:00,2025-06-05 20:14:13.735000+00:00,OTHER-SUBJECTS,2025-06-05 17:50:18.141000+00:00,2025-06-05 20:14:13.736000+00:00,5,1d86950e-7c29-4d60-8427-aa805f5f3b33,8635,7890.0,3,Henrique
936040b5-880d-404d-b7b1-18dca99fc12e,6d388bff-df57-4c30-a1f5-a50bf54e01eb,9b513f3e-7ebd-4a38-b92e-2d8de21c7c1d,390348a3-a9fa-4780-8ca0-4f29f0640857,,urn:talqui:whatsapp-internal:0,99f45f61-68bf-4aa6-8f91-fda4bbb291e5,,,False,transactional,contact,auto,1,,bf34966c-4ddc-4848-aaa7-006944c364b0,0.0,,2025-06-05 18:18:56.809000+00:00,2025-06-05 20:15:01.702000+00:00,2025-06-05 20:15:04.751000+00:00,OTHER-SUBJECTS,2025-06-05 17:55:16.834000+00:00,2025-06-05 20:15:06.805000+00:00,10,1d86950e-7c29-4d60-8427-aa805f5f3b33,8387,6967.0,3,Henrique
936040b5-880d-404d-b7b1-18dca99fc12e,6d388bff-df57-4c30-a1f5-a50bf54e01eb,3bd2bd37-2b0c-405b-9792-cb45df3b7024,48fd7ba2-be81-4f74-b1a0-113f462fb432,,urn:talqui:whatsapp-internal:0,99f45f61-68bf-4aa6-8f91-fda4bbb291e5,,,False,transactional,contact,auto,1,,9cb33b88-1863-4e6a-82c1-ec6c694161e4,0.0,,2025-06-05 19:55:59.372000+00:00,2025-06-05 20:23:29.804000+00:00,2025-06-05 20:23:39.595000+00:00,OTHER-SUBJECTS,2025-06-05 18:00:54.386000+00:00,2025-06-05 20:23:39.596000+00:00,5,1d86950e-7c29-4d60-8427-aa805f5f3b33,8565,1660.0,9,Henrique
936040b5-880d-404d-b7b1-18dca99fc12e,6d388bff-df57-4c30-a1f5-a50bf54e01eb,b7516cd2-40ef-4ed1-8a20-50e697a69d56,6a9535b5-1832-4868-a76e-d1804b08c4fe,,urn:talqui:whatsapp-internal:0,cac67f3c-c021-4227-8dbc-f2e0f2bf9f8f,,,False,transactional,contact,auto,1,,e2150aa4-b094-481d-8465-c7389bca6b8c,0.0,,2025-06-05 18:02:28.708000+00:00,2025-06-05 20:13:51.942000+00:00,2025-06-05 20:13:55.113000+00:00,OTHER-SUBJECTS,2025-06-05 18:02:28.647000+00:00,2025-06-05 20:13:57.186000+00:00,15,1d86950e-7c29-4d60-8427-aa805f5f3b33,7886,7886.0,3,Henrique
936040b5-880d-404d-b7b1-18dca99fc12e,6d388bff-df57-4c30-a1f5-a50bf54e01eb,0c48876a-6609-48e4-b362-2039a7892cd4,248a2882-0fe6-4f97-9c70-788e17df5c34,,urn:talqui:whatsapp-internal:0,c015553a-4ba4-4db8-8d2b-2e72c7566bdf,,,False,transactional,contact,auto,1,,5ff39f24-c80b-4298-a09f-57d7004d637f,0.0,,2025-06-05 18:54:20.782000+00:00,2025-06-05 20:19:03.392000+00:00,2025-06-05 20:19:07.285000+00:00,OTHER-SUBJECTS,2025-06-05 18:02:53.960000+00:00,2025-06-05 20:19:07.286000+00:00,6,1d86950e-7c29-4d60-8427-aa805f5f3b33,8173,5086.0,3,Henrique
936040b5-880d-404d-b7b1-18dca99fc12e,6d388bff-df57-4c30-a1f5-a50bf54e01eb,45481c1d-f348-4c99-93ce-db38c6a53bc9,dd2c5f97-f789-48e4-88de-2925d4bea359,,urn:talqui:whatsapp-internal:0,c015553a-4ba4-4db8-8d2b-2e72c7566bdf,,,False,transactional,contact,auto,1,,d0b9d13d-c20a-412f-a01f-a283090b6981,0.0,,2025-06-05 19:50:28.918000+00:00,2025-06-05 20:24:14.025000+00:00,2025-06-05 20:24:17.196000+00:00,OTHER-SUBJECTS,2025-06-05 18:06:14.016000+00:00,2025-06-05 20:24:19.037000+00:00,9,1d86950e-7c29-4d60-8427-aa805f5f3b33,8283,2028.0,3,Henrique
936040b5-880d-404d-b7b1-18dca99fc12e,6d388bff-df57-4c30-a1f5-a50bf54e01eb,06b6684a-60e7-45b1-add3-301646678517,6df03732-cce3-45ac-a0b0-d72804514b70,,urn:talqui:whatsapp-internal:0,99f45f61-68bf-4aa6-8f91-fda4bbb291e5,,,False,transactional,contact,auto,1,,6e97993b-ef1d-4274-94d3-b9d53068da2d,0.0,,2025-06-05 19:08:29.069000+00:00,2025-06-05 20:21:28.727000+00:00,2025-06-05 20:21:37.261000+00:00,OTHER-SUBJECTS,2025-06-05 18:06:58.078000+00:00,2025-06-05 20:21:39.385000+00:00,7,1d86950e-7c29-4d60-8427-aa805f5f3b33,8079,4388.0,8,Henrique
936040b5-880d-404d-b7b1-18dca99fc12e,6d388bff-df57-4c30-a1f5-a50bf54e01eb,4391aca8-31a4-4036-9328-8878241d8fa5,69e9a48f-1137-4437-b3e3-a0810a5f329a,,urn:talqui:whatsapp-internal:0,99f45f61-68bf-4aa6-8f91-fda4bbb291e5,,,False,transactional,contact,auto,1,,aa6125d1-504e-480f-81c1-93c963a20528,0.0,,,2025-06-05 18:08:58.983000+00:00,2025-06-05 18:09:05.007000+00:00,OTHER-SUBJECTS,2025-06-05 18:08:45.257000+00:00,2025-06-05 18:09:05.038000+00:00,4,1d86950e-7c29-4d60-8427-aa805f5f3b33,19,,6,Henrique
936040b5-880d-404d-b7b1-18dca99fc12e,6d388bff-df57-4c30-a1f5-a50bf54e01eb,aa5824dd-3f2d-47a8-b459-4b3778d84a79,18fc4278-2f92-40b9-ba50-2b2046b30598,,urn:talqui:whatsapp-internal:0,cac67f3c-c021-4227-8dbc-f2e0f2bf9f8f,,,False,transactional,contact,auto,1,,d98c2240-8c57-426c-851e-06e057e94232,0.0,,2025-06-05 18:15:25.506000+00:00,2025-06-05 20:14:34.403000+00:00,2025-06-05 20:14:37.031000+00:00,OTHER-SUBJECTS,2025-06-05 18:10:18.252000+00:00,2025-06-05 20:14:38.433000+00:00,8,1d86950e-7c29-4d60-8427-aa805f5f3b33,7458,7151.0,2,Henrique
936040b5-880d-404d-b7b1-18dca99fc12e,6d388bff-df57-4c30-a1f5-a50bf54e01eb,94f3d9b5-7ca3-4549-a2d9-8c264149cae9,2b532e38-d9f9-4ff1-9088-80128281cee5,,urn:talqui:whatsapp-internal:0,99f45f61-68bf-4aa6-8f91-fda4bbb291e5,,,False,transactional,contact,auto,1,,0b8895bd-0e7a-4033-bdfc-c0cbf3dbb867,0.0,,2025-06-05 18:52:00.560000+00:00,2025-06-05 20:18:40.192000+00:00,2025-06-05 20:18:43.865000+00:00,OTHER-SUBJECTS,2025-06-05 18:13:00.482000+00:00,2025-06-05 20:18:45.629000+00:00,8,1d86950e-7c29-4d60-8427-aa805f5f3b33,7543,5203.0,3,Henrique
